{"cameraMode":{"drawMode":0,"name":"Shaded","section":"Shading Mode"},"sceneLighting":false,"audioPlay":false,"sceneViewState":{"showFog":true,"showMaterialUpdate":false,"showSkybox":false,"showFlares":true,"showImageEffects":true,"showParticleSystems":true},"in2DMode":false,"pivot":{"x":-0.014113187789916993,"y":2.0724356174468996,"z":10.019889831542969},"rotation":{"x":0.03156522661447525,"y":0.9360262751579285,"z":-0.33955612778663638,"w":0.08701316267251969},"size":218.61801147460938,"orthographic":false}