{"cameraMode":{"drawMode":0,"name":"Shaded","section":"Shading Mode"},"sceneLighting":false,"audioPlay":false,"sceneViewState":{"showFog":false,"showMaterialUpdate":false,"showSkybox":false,"showFlares":false,"showImageEffects":false,"showParticleSystems":false},"in2DMode":false,"pivot":{"x":30.78595542907715,"y":-2.8435328006744386,"z":19.73602867126465},"rotation":{"x":0.049089450389146808,"y":0.6005582213401794,"z":-0.036984290927648547,"w":0.7972473502159119},"size":43.811004638671878,"orthographic":false}