{"cameraMode":{"drawMode":0,"name":"Shaded","section":"Shading Mode"},"sceneLighting":false,"audioPlay":false,"sceneViewState":{"showFog":true,"showMaterialUpdate":false,"showSkybox":false,"showFlares":true,"showImageEffects":true,"showParticleSystems":true},"in2DMode":false,"pivot":{"x":-0.006044542416930199,"y":0.3367174565792084,"z":-0.30961865186691286},"rotation":{"x":0.03156522661447525,"y":0.9360262751579285,"z":-0.33955612778663638,"w":0.08701316267251969},"size":3.8612418174743654,"orthographic":false}