{"cameraMode":{"drawMode":0,"name":"Shaded","section":"Shading Mode"},"sceneLighting":false,"audioPlay":false,"sceneViewState":{"showFog":false,"showMaterialUpdate":false,"showSkybox":false,"showFlares":false,"showImageEffects":false,"showParticleSystems":false},"in2DMode":false,"pivot":{"x":-0.09393119812011719,"y":7.439981460571289,"z":0.06397819519042969},"rotation":{"x":0.23302923142910005,"y":0.2993135154247284,"z":-0.07561594247817993,"w":0.922203779220581},"size":16.13728904724121,"orthographic":false}