{"cameraMode":{"drawMode":0,"name":"Shaded","section":"Shading Mode"},"sceneLighting":false,"audioPlay":false,"sceneViewState":{"showFog":false,"showMaterialUpdate":false,"showSkybox":false,"showFlares":false,"showImageEffects":false,"showParticleSystems":false},"in2DMode":false,"pivot":{"x":82.62226867675781,"y":26.272953033447267,"z":-55.585811614990237},"rotation":{"x":-0.005371485371142626,"y":0.9773477911949158,"z":-0.024924982339143754,"w":-0.21016032993793488},"size":161.56971740722657,"orthographic":false}