{"cameraMode":{"drawMode":0,"name":"Shaded","section":"Shading Mode"},"sceneLighting":false,"audioPlay":false,"sceneViewState":{"showFog":false,"showMaterialUpdate":false,"showSkybox":false,"showFlares":false,"showImageEffects":false,"showParticleSystems":false},"in2DMode":false,"pivot":{"x":42.389060974121097,"y":5.000308036804199,"z":-37.58174133300781},"rotation":{"x":0.053817227482795718,"y":0.9461246132850647,"z":-0.2291473150253296,"w":0.22254909574985505},"size":60.47167205810547,"orthographic":false}