{"cameraMode":{"drawMode":0,"name":"Shaded","section":"Shading Mode"},"sceneLighting":false,"audioPlay":false,"sceneViewState":{"showFog":false,"showMaterialUpdate":false,"showSkybox":false,"showFlares":false,"showImageEffects":false,"showParticleSystems":false},"in2DMode":false,"pivot":{"x":-13.243507385253907,"y":4.030927658081055,"z":15.283012390136719},"rotation":{"x":0.015488049946725369,"y":0.5089004039764404,"z":0.009170410223305226,"w":-0.8606612682342529},"size":2.7016377449035646,"orthographic":false}