{"cameraMode":{"drawMode":0,"name":"Shaded","section":"Shading Mode"},"sceneLighting":false,"audioPlay":false,"sceneViewState":{"showFog":false,"showMaterialUpdate":false,"showSkybox":false,"showFlares":false,"showImageEffects":false,"showParticleSystems":false},"in2DMode":false,"pivot":{"x":-60.00983428955078,"y":-45.034507751464847,"z":-53.62227249145508},"rotation":{"x":0.015488049946725369,"y":0.5089004039764404,"z":0.009170410223305226,"w":-0.8606612682342529},"size":2.158283233642578,"orthographic":false}