{"cameraMode":{"drawMode":0,"name":"Shaded","section":"Shading Mode"},"sceneLighting":false,"audioPlay":false,"sceneViewState":{"showFog":false,"showMaterialUpdate":false,"showSkybox":false,"showFlares":false,"showImageEffects":false,"showParticleSystems":false},"in2DMode":false,"pivot":{"x":0.669459342956543,"y":5.2545905113220219,"z":0.5573835372924805},"rotation":{"x":-0.3029496371746063,"y":-0.4196898341178894,"z":0.15096573531627656,"w":-0.842200756072998},"size":9.79210376739502,"orthographic":false}