{"cameraMode":{"drawMode":0,"name":"Shaded","section":"Shading Mode"},"sceneLighting":false,"audioPlay":false,"sceneViewState":{"showFog":false,"showMaterialUpdate":false,"showSkybox":false,"showFlares":false,"showImageEffects":false,"showParticleSystems":false},"in2DMode":false,"pivot":{"x":9.345314025878907,"y":-8.04023551940918,"z":-18.46208953857422},"rotation":{"x":-0.05288127437233925,"y":-0.9394481778144836,"z":0.1688898205757141,"w":-0.29364123940467837},"size":18.734086990356447,"orthographic":false}