{"cameraMode":{"drawMode":0,"name":"Shaded","section":"Shading Mode"},"sceneLighting":true,"audioPlay":false,"sceneViewState":{"showFog":false,"showMaterialUpdate":false,"showSkybox":false,"showFlares":false,"showImageEffects":false,"showParticleSystems":false},"in2DMode":false,"pivot":{"x":-18.410377502441408,"y":4.700984001159668,"z":11.849407196044922},"rotation":{"x":0.010471075773239136,"y":-0.988973081111908,"z":-0.08625940978527069,"w":-0.12014219909906388},"size":2.5500965118408205,"orthographic":false}