{"cameraMode":{"drawMode":0,"name":"Shaded","section":"Shading Mode"},"sceneLighting":false,"audioPlay":false,"sceneViewState":{"showFog":false,"showMaterialUpdate":false,"showSkybox":false,"showFlares":false,"showImageEffects":false,"showParticleSystems":false},"in2DMode":false,"pivot":{"x":9.518891334533692,"y":-8.602177619934082,"z":0.31306493282318118},"rotation":{"x":0.26543182134628298,"y":-0.6364473700523377,"z":0.248318150639534,"w":0.6803097128868103},"size":9.52543830871582,"orthographic":false}