{"cameraMode":{"drawMode":0,"name":"Shaded","section":"Shading Mode"},"sceneLighting":false,"audioPlay":false,"sceneViewState":{"showFog":false,"showMaterialUpdate":false,"showSkybox":false,"showFlares":false,"showImageEffects":false,"showParticleSystems":false},"in2DMode":false,"pivot":{"x":7.4504852294921879,"y":-5.739999771118164,"z":1.3794097900390626},"rotation":{"x":-0.10735493898391724,"y":0.2822459936141968,"z":-0.031801994889974597,"w":-0.95279860496521},"size":14.282256126403809,"orthographic":false}